"Bestaande koopwoningen; gemiddelde verkoopprijzen, regio"
""
"";"";"";"Perioden"
"Regio's";"Onderwerp";"";"1995";"2000";"2005";"2010";"2015";"2020";"2021";"2022";"2023";"2024";"2025"
"Groningen (PV)";"Gemiddelde verkoopprijs";"euro";"67913";"111768";"168081";"177940";"171679";"241080";"283578";"319184";"313679";"339874";"371220"
"Fryslân (PV)";"Gemiddelde verkoopprijs";"euro";"67992";"125834";"178770";"195349";"180461";"254223";"290253";"325113";"323765";"350624";"375728"
"Drenthe (PV)";"Gemiddelde verkoopprijs";"euro";"84984";"147524";"192449";"205264";"194566";"266616";"316653";"355510";"349757";"380809";"411728"
"Overijssel (PV)";"Gemiddelde verkoopprijs";"euro";"83597";"152617";"198475";"211088";"198713";"282983";"325701";"365460";"365733";"393428";"420923"
"Flevoland (PV)";"Gemiddelde verkoopprijs";"euro";"91262";"155987";"196149";"206530";"194188";"301754";"351576";"405900";"394736";"422630";"454473"
"Gelderland (PV)";"Gemiddelde verkoopprijs";"euro";"101759";"190676";"236534";"245990";"227324";"323723";"379346";"422110";"413316";"446181";"479542"
"Utrecht (PV)";"Gemiddelde verkoopprijs";"euro";"109909";"210598";"257807";"283922";"264382";"404811";"460992";"510098";"476555";"526771";"560526"
"Noord-Holland (PV)";"Gemiddelde verkoopprijs";"euro";"101308";"203428";"247406";"275914";"273911";"424553";"490225";"536786";"507271";"544917";"570463"
"Zuid-Holland (PV)";"Gemiddelde verkoopprijs";"euro";"90469";"159392";"213568";"230543";"221441";"333763";"384214";"425469";"410408";"442913";"469137"
"Zeeland (PV)";"Gemiddelde verkoopprijs";"euro";"75095";"118726";"189534";"197788";"193489";"259014";"294022";"326521";"328452";"345402";"366731"
"Noord-Brabant (PV)";"Gemiddelde verkoopprijs";"euro";"100121";"185790";"244063";"254941";"235669";"337960";"385036";"426539";"418547";"456420";"486894"
"Limburg (PV)";"Gemiddelde verkoopprijs";"euro";"94311";"157384";"191026";"195206";"191829";"263910";"300777";"330567";"329001";"357532";"381845"
"Alkmaar";"Gemiddelde verkoopprijs";"euro";"84638";"141369";"190238";"211926";"194809";"313937";"365446";"399298";"393418";"381336";"424065"
"Amstelveen";"Gemiddelde verkoopprijs";"euro";"110371";"244012";"286003";"312791";"331763";"534717";"625658";"658372";"615382";"649823";"681691"
"Amsterdam";"Gemiddelde verkoopprijs";"euro";"98008";"224938";"238189";"281206";"303925";"510919";"569890";"620954";"568161";"617647";"630621"
"Arnhem";"Gemiddelde verkoopprijs";"euro";"80240";"149386";"188779";"204498";"199528";"279571";"344738";"383699";"369114";"403201";"407247"
"Assen";"Gemiddelde verkoopprijs";"euro";"75013";"120177";"168939";"186206";"183838";"250572";"301082";"330027";"334100";"361465";"376755"
"Baarle-Nassau";"Gemiddelde verkoopprijs";"euro";"118689";"205439";"299513";"268023";"254242";"314453";"366251";"426396";"391221";"417733";"465201"
"Bergen op Zoom";"Gemiddelde verkoopprijs";"euro";"84558";"139511";"212656";"222397";"207778";"278752";"307371";"321657";"338389";"360624";"398490"
"Boxtel";"Gemiddelde verkoopprijs";"euro";"100616";"199043";"272690";"285257";"246872";"318532";"404430";"466586";"445741";"468999";"522253"
"Breda";"Gemiddelde verkoopprijs";"euro";"99267";"166012";"232403";"268988";"246592";"378935";"427348";"470555";"437260";"484925";"509387"
"Budel";"Gemiddelde verkoopprijs";"euro";"96700";"";"";"";"";"";"";"";"";"";""
"Echt";"Gemiddelde verkoopprijs";"euro";"91650";"145973";"";"";"";"";"";"";"";"";""
"Eijsden";"Gemiddelde verkoopprijs";"euro";"108135";"216969";"255386";"284009";"";"";"";"";"";"";""
"Eindhoven";"Gemiddelde verkoopprijs";"euro";"87095";"178190";"211986";"218423";"212919";"344024";"367046";"411914";"404275";"450380";"469870"
"Geleen";"Gemiddelde verkoopprijs";"euro";"85034";"144264";"";"";"";"";"";"";"";"";""
"'s-Gravenhage (gemeente)";"Gemiddelde verkoopprijs";"euro";"74053";"135368";"195514";"227616";"231302";"355807";"411717";"454312";"413689";"447417";"465418"
"Groningen (gemeente)";"Gemiddelde verkoopprijs";"euro";"62635";"99943";"164280";"180217";"177441";"278720";"321804";"353917";"349931";"373411";"396626"
"Haarlem";"Gemiddelde verkoopprijs";"euro";"83039";"163672";"227984";"267413";"268197";"447447";"507862";"561362";"507289";"548843";"576569"
"Heerlen";"Gemiddelde verkoopprijs";"euro";"79269";"125627";"142184";"143523";"144517";"202356";"230616";"251269";"246595";"270045";"284279"
"Helmond";"Gemiddelde verkoopprijs";"euro";"81706";"178004";"230095";"232173";"213328";"305792";"339835";"382110";"389050";"434832";"458882"
"'s-Hertogenbosch";"Gemiddelde verkoopprijs";"euro";"100092";"191688";"246806";"261128";"253262";"371124";"412222";"463836";"443955";"478097";"506467"
"Kerkrade";"Gemiddelde verkoopprijs";"euro";"85999";"129601";"131913";"146410";"143898";"194105";"216618";"237848";"242591";"262548";"270119"
"Landgraaf";"Gemiddelde verkoopprijs";"euro";"89040";"144064";"164228";"174867";"166851";"217604";"257710";"282061";"271284";"291195";"327701"
"Leeuwarden";"Gemiddelde verkoopprijs";"euro";"56599";"95702";"143596";"162912";"157690";"230738";"262188";"287719";"294731";"310226";"319443"
"Lelystad";"Gemiddelde verkoopprijs";"euro";"80373";"131274";"174333";"193575";"179997";"273122";"332187";"380395";"372216";"405965";"426903"
"Maarheeze";"Gemiddelde verkoopprijs";"euro";"125074";"";"";"";"";"";"";"";"";"";""
"Maasbracht";"Gemiddelde verkoopprijs";"euro";"93852";"165942";"203057";"";"";"";"";"";"";"";""
"Maastricht";"Gemiddelde verkoopprijs";"euro";"96899";"162594";"210951";"222775";"221578";"316733";"353620";"369617";"374547";"394938";"413671"
"Meerssen";"Gemiddelde verkoopprijs";"euro";"121818";"189982";"257599";"249708";"223017";"313281";"355909";"373464";"368487";"392004";"473060"
"Middelburg (Z.)";"Gemiddelde verkoopprijs";"euro";"88136";"123880";"214129";"206310";"193782";"271151";"321374";"336663";"345346";"376819";"393274"
"Peel en Maas";"Gemiddelde verkoopprijs";"euro";"";"";"";"219800";"213872";"295228";"325223";"376418";"371634";"419759";"449898"
"Roermond";"Gemiddelde verkoopprijs";"euro";"85792";"144971";"192044";"200608";"194640";"268453";"318961";"358354";"344337";"377867";"373963"
"Roosendaal";"Gemiddelde verkoopprijs";"euro";"";"151019";"217413";"213695";"200959";"283960";"315735";"343792";"342488";"364655";"389117"
"Simpelveld";"Gemiddelde verkoopprijs";"euro";"101064";"162963";"190564";"175806";"162787";"221359";"288495";"296350";"305913";"348742";"343886"
"Sittard";"Gemiddelde verkoopprijs";"euro";"95212";"171128";"";"";"";"";"";"";"";"";""
"Sittard-Geleen";"Gemiddelde verkoopprijs";"euro";"";"";"179674";"176320";"174285";"227165";"266384";"292836";"299110";"314825";"338452"
"Tilburg";"Gemiddelde verkoopprijs";"euro";"78212";"154308";"207675";"216804";"204190";"293733";"342612";"384896";"371491";"398630";"424838"
"Utrecht (gemeente)";"Gemiddelde verkoopprijs";"euro";"85568";"165717";"219305";"252064";"245900";"405791";"469949";"510980";"474406";"519924";"549113"
"Veldhoven";"Gemiddelde verkoopprijs";"euro";"94637";"200793";"240032";"259586";"259935";"384498";"435660";"499968";"486364";"512413";"538756"
"Waalwijk";"Gemiddelde verkoopprijs";"euro";"97123";"181779";"246223";"247848";"233399";"324796";"364015";"396309";"394820";"417622";"453184"
"Weert";"Gemiddelde verkoopprijs";"euro";"96925";"182852";"221940";"217371";"217850";"286721";"330617";"370896";"354656";"391906";"437149"
"Zwolle";"Gemiddelde verkoopprijs";"euro";"84813";"155551";"206170";"223622";"218349";"315874";"363081";"414535";"410024";"450763";"450913"
"Bron: Centraal Bureau voor de Statistiek, Kadaster"
