"Inkomen van huishoudens; huishoudenskenmerken, regio (indeling 2024)"
"Populatie: Particuliere huishoudens incl. studenten"
"Kenmerken van huishoudens: Particuliere huishoudens"
"Perioden: 2023*"
"";"Onderwerp"
"";"Particuliere huishoudens";"Particuliere huishoudens relatief";"Inkomen|Gemiddeld gestandaardiseerd inkomen";"Inkomen|Mediaan gestandaardiseerd inkomen";"Inkomen|Gemiddeld besteedbaar inkomen";"Inkomen|Mediaan besteedbaar inkomen"
"Regio's";"x 1 000";"%";"1 000 euro";"1 000 euro";"1 000 euro";"1 000 euro"
"Nederland";"8156,9";"100";"38,3";"34,0";"55,0";"44,6"
"Groningen (PV)";"294,7";"100";"32,8";"30,1";"45,5";"37,4"
"Fryslân (PV)";"299,9";"100";"35,1";"32,2";"50,4";"42,2"
"Drenthe (PV)";"223,9";"100";"36,6";"33,6";"53,1";"45,2"
"Overijssel (PV)";"518,8";"100";"36,6";"33,5";"53,9";"45,1"
"Flevoland (PV)";"186,6";"100";"37,6";"34,8";"55,8";"49,0"
"Gelderland (PV)";"951,9";"100";"37,7";"34,1";"55,0";"45,9"
"Utrecht (PV)";"624,0";"100";"41,1";"36,5";"59,8";"48,6"
"Noord-Holland (PV)";"1403,2";"100";"40,9";"34,7";"57,7";"44,3"
"Zuid-Holland (PV)";"1751,0";"100";"38,3";"33,9";"54,8";"43,8"
"Zeeland (PV)";"179,7";"100";"37,1";"33,8";"53,0";"44,5"
"Noord-Brabant (PV)";"1188,5";"100";"38,7";"34,8";"56,3";"46,4"
"Limburg (PV)";"534,7";"100";"35,7";"32,5";"50,5";"41,7"
"Aa en Hunze";"11,3";"100";"38,9";"36,3";"56,9";"50,8"
"Aalten";"11,7";"100";"36,8";"34,0";"54,6";"47,2"
"Almelo";"33,2";"100";"34,1";"31,0";"49,1";"40,9"
"Alphen-Chaam";"4,4";"100";"43,3";"38,7";"65,6";"55,3"
"Altena";"23,3";"100";"40,1";"35,8";"61,4";"52,0"
"Amsterdam";"489,2";"100";"40,1";"31,7";"53,2";"37,7"
"Apeldoorn";"75,4";"100";"38,1";"34,5";"54,8";"46,0"
"Arnhem";"82,9";"100";"34,3";"30,8";"47,0";"37,5"
"Assen";"32,2";"100";"35,2";"33,1";"49,7";"42,9"
"Asten";"7,3";"100";"39,2";"35,2";"58,4";"49,4"
"Baarle-Nassau";"3,1";"100";"38,5";"34,9";"56,5";"45,7"
"Barneveld";"23,2";"100";"40,4";"35,8";"63,3";"54,1"
"Berg en Dal";"16,1";"100";"37,7";"33,9";"54,7";"44,8"
"Bergeijk";"8,1";"100";"42,4";"37,4";"63,9";"53,3"
"Bergen op Zoom";"31,0";"100";"37,1";"33,8";"53,3";"44,9"
"Berkelland";"19,1";"100";"37,5";"34,6";"55,5";"48,0"
"Bernheze";"13,3";"100";"41,5";"36,8";"63,1";"52,6"
"Best";"13,5";"100";"41,8";"37,5";"62,2";"52,6"
"Beuningen";"11,5";"100";"40,2";"36,6";"59,7";"51,4"
"Bladel";"9,0";"100";"41,3";"36,4";"61,6";"51,2"
"Boekel";"4,4";"100";"40,4";"36,9";"62,0";"53,7"
"Borger-Odoorn";"11,4";"100";"36,9";"34,1";"54,1";"47,1"
"Borne";"10,3";"100";"39,7";"36,2";"59,7";"51,6"
"Boxtel";"14,9";"100";"39,4";"34,9";"57,5";"46,9"
"Breda";"89,1";"100";"39,1";"34,5";"55,6";"43,6"
"Bronckhorst";"15,7";"100";"41,9";"35,9";"61,9";"50,7"
"Brummen";"9,3";"100";"39,2";"35,8";"57,2";"49,8"
"Buren";"11,6";"100";"41,8";"37,8";"63,6";"55,2"
"Coevorden";"15,8";"100";"36,5";"33,6";"53,3";"45,3"
"Cranendonck";"9,0";"100";"39,2";"35,7";"57,7";"49,0"
"Culemborg";"13,0";"100";"39,5";"36,4";"57,9";"50,4"
"Dalfsen";"12,1";"100";"39,9";"36,3";"60,4";"53,0"
"Deurne";"14,2";"100";"38,2";"34,9";"56,5";"48,2"
"Deventer";"47,5";"100";"36,0";"33,0";"51,4";"43,1"
"Dinkelland";"10,6";"100";"41,2";"37,0";"63,9";"54,9"
"Doesburg";"5,3";"100";"34,9";"32,1";"49,1";"42,2"
"Doetinchem";"26,5";"100";"37,0";"33,7";"53,7";"45,1"
"Dongen";"11,8";"100";"38,8";"36,1";"57,4";"50,4"
"Drimmelen";"12,2";"100";"40,7";"36,5";"60,4";"51,2"
"Druten";"8,2";"100";"38,6";"35,7";"57,5";"50,6"
"Duiven";"10,8";"100";"40,3";"36,2";"60,1";"51,4"
"Ede";"51,3";"100";"39,3";"35,7";"58,6";"49,9"
"Eemsdelta";"21,2";"100";"33,4";"30,8";"46,9";"39,7"
"Eersel";"8,4";"100";"43,9";"38,5";"65,9";"54,9"
"Eindhoven";"123,7";"100";"36,1";"32,4";"49,5";"39,2"
"Elburg";"9,6";"100";"37,9";"34,6";"57,7";"50,8"
"Emmen";"49,5";"100";"34,0";"31,4";"48,9";"41,5"
"Enschede";"78,2";"100";"31,7";"29,1";"44,4";"36,0"
"Epe";"14,4";"100";"40,6";"34,6";"60,0";"48,5"
"Ermelo";"11,6";"100";"40,5";"35,1";"60,0";"48,8"
"Etten-Leur";"19,4";"100";"38,3";"35,2";"56,4";"48,4"
"Geertruidenberg";"9,8";"100";"38,5";"34,9";"56,4";"47,8"
"Geldrop-Mierlo";"18,2";"100";"39,4";"35,7";"57,2";"48,6"
"Gemert-Bakel";"13,4";"100";"38,3";"34,9";"57,4";"49,4"
"Gilze en Rijen";"11,3";"100";"38,3";"35,6";"56,7";"49,6"
"Goirle";"10,4";"100";"40,5";"37,4";"60,1";"53,1"
"Groningen (gemeente)";"133,1";"100";"31,0";"27,8";"40,8";"31,8"
"Haaksbergen";"10,4";"100";"38,7";"35,3";"58,0";"49,0"
"Halderberge";"13,4";"100";"38,2";"34,9";"56,6";"48,3"
"Hardenberg";"25,4";"100";"37,1";"34,4";"56,4";"49,7"
"Harderwijk";"20,9";"100";"38,6";"35,1";"57,1";"48,7"
"Hattem";"5,3";"100";"38,8";"36,0";"57,5";"51,4"
"Heerde";"8,0";"100";"39,4";"35,3";"58,8";"50,7"
"Heeze-Leende";"7,1";"100";"45,0";"39,8";"67,1";"56,2"
"Hellendoorn";"14,9";"100";"38,2";"35,0";"57,7";"50,1"
"Helmond";"42,6";"100";"36,2";"32,8";"52,7";"44,0"
"Hengelo (O.)";"39,1";"100";"35,5";"32,7";"50,3";"41,9"
"'s-Hertogenbosch";"75,6";"100";"39,8";"35,1";"56,4";"45,1"
"Heumen";"7,4";"100";"42,5";"38,2";"62,5";"52,6"
"Heusden";"19,7";"100";"41,0";"36,3";"60,8";"51,2"
"Hilvarenbeek";"6,8";"100";"42,7";"38,6";"64,1";"54,7"
"Hof van Twente";"15,2";"100";"39,2";"35,5";"58,7";"49,7"
"Het Hogeland";"21,7";"100";"34,7";"32,1";"50,0";"42,6"
"Hoogeveen";"24,8";"100";"34,6";"31,9";"50,3";"42,3"
"Kampen";"22,8";"100";"36,4";"33,8";"54,9";"48,0"
"Laarbeek";"9,8";"100";"40,8";"36,0";"61,1";"50,9"
"Land van Cuijk";"39,3";"100";"39,3";"35,7";"58,2";"49,5"
"Lingewaard";"20,0";"100";"39,2";"36,5";"58,8";"52,1"
"Lochem";"15,2";"100";"43,6";"36,4";"63,7";"50,4"
"Loon op Zand";"10,3";"100";"40,5";"35,9";"60,5";"50,5"
"Losser";"9,7";"100";"38,5";"34,1";"57,6";"48,1"
"Maasdriel";"11,1";"100";"40,2";"35,9";"60,2";"50,7"
"Maashorst";"25,7";"100";"39,3";"35,3";"58,2";"48,3"
"Meierijstad";"36,0";"100";"40,1";"36,0";"59,7";"50,4"
"Meppel";"16,0";"100";"36,6";"33,7";"52,7";"44,5"
"Midden-Drenthe";"14,8";"100";"37,5";"35,1";"55,3";"48,8"
"Midden-Groningen";"28,3";"100";"34,0";"31,2";"48,5";"41,1"
"Moerdijk";"16,7";"100";"39,6";"35,8";"58,2";"49,5"
"Montferland";"16,1";"100";"37,3";"34,0";"55,4";"47,0"
"Neder-Betuwe";"9,5";"100";"38,1";"33,9";"60,2";"51,4"
"Nijkerk";"18,3";"100";"41,8";"36,8";"64,0";"53,8"
"Nijmegen";"96,7";"100";"32,7";"29,4";"44,4";"34,6"
"Noordenveld";"14,2";"100";"38,6";"35,4";"55,7";"48,0"
"Nuenen, Gerwen en Nederwetten";"10,4";"100";"45,1";"40,1";"66,8";"56,4"
"Nunspeet";"11,3";"100";"38,5";"34,7";"58,9";"50,7"
"Oirschot";"8,0";"100";"42,6";"38,1";"64,2";"54,5"
"Oisterwijk";"14,3";"100";"45,3";"37,8";"66,5";"52,4"
"Oldambt";"18,6";"100";"33,1";"30,1";"46,6";"38,9"
"Oldebroek";"9,5";"100";"37,8";"34,3";"58,4";"51,3"
"Oldenzaal";"14,3";"100";"37,6";"34,0";"54,8";"45,2"
"Olst-Wijhe";"7,8";"100";"38,8";"35,9";"58,2";"51,5"
"Ommen";"7,9";"100";"38,8";"35,0";"58,0";"49,4"
"Oost Gelre";"12,6";"100";"39,4";"36,0";"58,8";"50,8"
"Oosterhout";"25,8";"100";"38,8";"35,0";"56,5";"47,4"
"Oss";"42,1";"100";"37,9";"34,3";"55,6";"46,2"
"Oude IJsselstreek";"17,3";"100";"36,1";"33,2";"53,2";"45,0"
"Overbetuwe";"20,3";"100";"40,1";"37,1";"60,6";"53,3"
"Pekela";"5,7";"100";"32,0";"29,5";"46,0";"38,8"
"Putten";"10,0";"100";"40,9";"35,9";"62,4";"52,7"
"Raalte";"16,2";"100";"38,3";"35,4";"57,4";"50,4"
"Renkum";"14,8";"100";"42,1";"36,7";"59,8";"47,7"
"Reusel-De Mierden";"5,7";"100";"39,4";"36,5";"59,2";"51,5"
"Rheden";"21,0";"100";"37,2";"32,9";"52,2";"41,6"
"Rijssen-Holten";"14,5";"100";"41,3";"35,1";"65,7";"53,4"
"Roosendaal";"35,6";"100";"36,5";"33,6";"52,3";"44,0"
"Rozendaal";"0,7";"100";".";".";".";"."
"Rucphen";"10,2";"100";"37,3";"34,2";"55,9";"47,8"
"Scherpenzeel";"4,2";"100";"40,8";"37,1";"61,9";"53,1"
"Sint-Michielsgestel";"12,5";"100";"43,1";"38,6";"65,7";"55,7"
"Someren";"8,5";"100";"41,3";"35,7";"61,9";"50,6"
"Son en Breugel";"7,6";"100";"44,6";"40,0";"66,4";"57,6"
"Stadskanaal";"14,7";"100";"32,9";"29,9";"47,0";"39,3"
"Staphorst";"6,2";"100";"38,4";"35,4";"62,2";"55,0"
"Steenbergen";"11,0";"100";"37,5";"34,5";"54,8";"47,1"
"Steenwijkerland";"20,1";"100";"36,5";"33,4";"53,3";"45,6"
"Tiel";"19,1";"100";"35,8";"32,8";"51,9";"43,6"
"Tilburg";"111,4";"100";"34,0";"31,2";"47,6";"38,8"
"Tubbergen";"8,3";"100";"40,8";"36,9";"64,7";"55,8"
"Twenterand";"13,4";"100";"36,2";"33,4";"55,8";"48,7"
"Tynaarlo";"14,6";"100";"42,0";"38,2";"62,4";"53,7"
"Utrecht (gemeente)";"183,4";"100";"37,5";"33,9";"52,2";"40,7"
"Valkenswaard";"14,7";"100";"38,7";"34,6";"55,4";"45,4"
"Veendam";"12,8";"100";"33,9";"31,4";"48,3";"41,5"
"Veldhoven";"20,6";"100";"41,7";"37,4";"60,8";"51,2"
"Voorst";"10,5";"100";"40,4";"36,0";"60,6";"51,3"
"Vught";"13,6";"100";"47,2";"38,8";"70,0";"54,0"
"Waalre";"7,8";"100";"47,9";"40,5";"71,4";"56,1"
"Waalwijk";"22,7";"100";"36,8";"33,5";"53,4";"45,1"
"Wageningen";"21,5";"100";"30,0";"27,4";"41,1";"31,6"
"West Betuwe";"21,3";"100";"42,0";"37,6";"64,3";"55,2"
"West Maas en Waal";"8,7";"100";"39,0";"35,8";"57,9";"50,6"
"Westerkwartier";"27,2";"100";"37,6";"34,7";"56,1";"49,5"
"Westerveld";"8,9";"100";"40,0";"35,1";"57,7";"47,4"
"Westervoort";"6,8";"100";"35,8";"33,9";"51,9";"47,0"
"Westerwolde";"11,3";"100";"34,1";"31,5";"49,1";"42,0"
"Wierden";"9,9";"100";"44,5";"36,8";"67,8";"54,5"
"Wijchen";"18,1";"100";"39,1";"35,9";"57,8";"50,1"
"Winterswijk";"13,0";"100";"36,7";"33,3";"53,5";"44,7"
"Woensdrecht";"9,8";"100";"38,1";"34,9";"55,6";"47,7"
"De Wolden";"10,4";"100";"40,8";"36,5";"61,3";"52,0"
"Zaltbommel";"12,5";"100";"40,7";"35,3";"61,1";"50,5"
"Zevenaar";"20,5";"100";"36,2";"33,5";"52,3";"45,2"
"Zundert";"9,8";"100";"39,8";"35,7";"58,8";"49,6"
"Zutphen";"22,8";"100";"35,9";"33,0";"50,4";"42,8"
"Zwartewaterland";"8,9";"100";"41,5";"34,8";"64,7";"53,0"
"Zwolle";"61,9";"100";"36,9";"33,9";"52,6";"43,5"
"Bron: CBS"
